customerID,loanId,appilcationDate,LoanNumber,LoanAmount,InterestRate,TermDays,repaymentDueDate,repaymentPaidDate
839247458,3.02953E+11,12/21/2018,1,7500,30,30,1/20/2019,1/16/2019
217540860,3.0296E+11,12/23/2018,1,7500,30,30,1/22/2019,12/29/2018
522238092,3.03017E+11,1/8/2019,1,7500,30,30,2/7/2019,1/8/2019
96754469,3.03E+11,1/4/2019,1,7500,30,30,2/3/2019,1/8/2019
410354345,3.02952E+11,12/21/2018,1,7500,30,30,1/20/2019,1/17/2019
27610141,3.02956E+11,12/22/2018,6,45000,10,90,3/21/2019,1/9/2019
390748423,3.02942E+11,12/19/2018,4,90000,5,180,6/18/2019,1/15/2019
642947351,3.02946E+11,12/19/2018,3,45000,10,90,3/19/2019,1/16/2019
227382168,3.02953E+11,12/21/2018,4,45000,10,90,3/20/2019,1/16/2019
380684555,3.02998E+11,1/3/2019,4,30000,10,90,4/2/2019,1/11/2019
538656471,3.02906E+11,12/10/2018,1,13500,18,45,1/24/2019,1/7/2019
67501201,3.02956E+11,12/22/2018,4,19000,15,60,2/21/2019,1/14/2019
779403451,3.02942E+11,12/19/2018,4,59500,7.5,180,6/18/2019,1/16/2019
706745423,3.02942E+11,12/19/2018,1,32000,7.5,180,6/18/2019,1/4/2019
175032099,3.02949E+11,12/20/2018,1,8000,36,45,2/3/2019,12/23/2018
756846529,3.02943E+11,12/19/2018,7,16000,20,60,2/18/2019,12/21/2018
910833430,3.02985E+11,12/31/2018,1,40500,12,120,4/30/2019,1/4/2019
789366247,3.02967E+11,12/25/2018,7,9500,20,30,1/24/2019,12/30/2018
946771596,3.02919E+11,12/12/2018,1,11000,27,45,1/26/2019,12/15/2018
363467351,3.02978E+11,12/28/2018,1,11000,27,45,2/11/2019,1/8/2019
380721416,3.02935E+11,12/17/2018,2,11000,27,45,1/31/2019,1/6/2019
476331961,3.02987E+11,12/31/2018,1,11000,27,45,2/14/2019,1/10/2019
98589528,3.02934E+11,12/16/2018,1,11000,27,45,1/31/2019,12/19/2018
63431769,3.02918E+11,12/12/2018,1,11000,27,45,1/26/2019,12/28/2018
21449557,3.02983E+11,12/30/2018,1,11000,27,45,2/13/2019,1/7/2019
826509061,3.02945E+11,12/19/2018,1,11000,27,45,2/2/2019,1/9/2019
153423083,3.03028E+11,1/10/2019,1,11000,27,45,2/24/2019,1/10/2019
369040052,3.02981E+11,12/29/2018,1,11000,27,45,2/12/2019,1/10/2019
301885486,3.02991E+11,1/1/2019,2,11000,27,45,2/15/2019,1/4/2019
134429368,3.02929E+11,12/15/2018,1,11000,27,45,1/29/2019,1/3/2019
704636732,3.02988E+11,12/31/2018,1,11000,27,45,2/14/2019,1/10/2019
695952615,3.02925E+11,12/14/2018,1,11000,27,45,1/28/2019,1/16/2019
769336627,3.02961E+11,12/24/2018,1,11000,27,45,2/7/2019,1/15/2019
635877349,3.02952E+11,12/21/2018,1,11000,27,45,2/4/2019,1/14/2019
931044720,3.0294E+11,12/18/2018,1,11000,27,45,2/1/2019,1/14/2019
22592236,3.02944E+11,12/19/2018,1,11000,27,45,2/2/2019,12/24/2018
40007463,3.02932E+11,12/16/2018,1,11000,27,45,1/30/2019,12/22/2018
162160911,3.02946E+11,12/20/2018,1,11000,27,45,2/3/2019,1/2/2019
940783684,3.02931E+11,12/15/2018,1,11000,27,45,1/29/2019,1/12/2019
937397087,3.02921E+11,12/13/2018,1,11000,27,45,1/27/2019,1/16/2019
545358839,3.02985E+11,12/31/2018,1,11000,27,45,2/14/2019,1/11/2019
812336627,3.02944E+11,12/19/2018,1,11000,27,45,2/2/2019,12/24/2018
461816834,3.02958E+11,12/22/2018,1,11000,27,45,2/5/2019,1/13/2019
759510502,3.02968E+11,12/26/2018,1,11000,27,45,2/9/2019,1/14/2019
156649529,3.02918E+11,12/12/2018,1,11000,27,45,1/26/2019,1/17/2019
226927764,3.02941E+11,12/18/2018,1,15000,18,45,2/1/2019,1/15/2019
60618946,3.02966E+11,12/25/2018,1,15000,18,45,2/8/2019,1/4/2019
108707573,3.02958E+11,12/23/2018,1,15000,18,45,2/6/2019,1/5/2019
730490580,3.02955E+11,12/22/2018,1,15000,18,45,2/5/2019,12/23/2018
733776995,3.02944E+11,12/19/2018,2,18500,20,60,2/18/2019,1/16/2019
72761825,3.0298E+11,12/29/2018,3,12500,20,30,1/28/2019,1/17/2019
794766162,3.03004E+11,1/4/2019,3,12500,20,30,2/3/2019,1/15/2019
193319710,3.02954E+11,12/21/2018,6,12500,20,30,1/20/2019,12/24/2018
307819843,3.02948E+11,12/20/2018,3,12500,20,30,1/19/2019,1/17/2019
200263974,3.02975E+11,12/28/2018,3,12500,20,30,1/27/2019,1/9/2019
569563950,3.02973E+11,12/27/2018,3,12500,20,30,1/26/2019,1/10/2019
186677489,3.02946E+11,12/20/2018,2,12500,20,30,1/19/2019,1/16/2019
403325960,3.02996E+11,1/3/2019,3,12500,20,30,2/2/2019,1/7/2019
290362283,3.02942E+11,12/19/2018,2,12500,20,30,1/18/2019,12/21/2018
423423880,3.02962E+11,12/24/2018,7,20000,10,90,3/23/2019,1/11/2019
295216252,3.02984E+11,12/30/2018,1,40500,12,120,4/30/2019,1/4/2019
188795955,3.02946E+11,12/20/2018,2,30000,12.5,60,2/19/2019,1/9/2019
727837791,3.03024E+11,1/9/2019,1,4000,30,30,2/8/2019,1/11/2019
145235052,3.03012E+11,1/6/2019,4,8000,30,30,2/5/2019,1/10/2019
649576465,3.02966E+11,12/25/2018,3,20000,20,60,2/24/2019,1/8/2019
957474880,3.02942E+11,12/19/2018,3,20000,20,60,2/18/2019,1/15/2019
537580961,3.02956E+11,12/22/2018,8,20000,20,60,2/21/2019,1/17/2019
119364125,3.02945E+11,12/19/2018,2,20000,20,60,2/18/2019,12/24/2018
318590971,3.02972E+11,12/27/2018,2,20000,20,60,2/26/2019,1/15/2019
263540349,3.02947E+11,12/20/2018,2,20000,20,60,2/19/2019,1/11/2019
906107584,3.0296E+11,12/23/2018,2,20000,20,60,2/22/2019,1/14/2019
867496972,3.03017E+11,1/8/2019,2,20000,20,60,3/7/2019,1/15/2019
455212344,3.02961E+11,12/24/2018,2,20000,20,60,2/23/2019,12/28/2018
958579308,3.03005E+11,1/4/2019,2,20000,20,60,3/3/2019,1/15/2019
281227350,3.02945E+11,12/19/2018,3,20000,20,60,2/18/2019,1/15/2019
84724483,3.03005E+11,1/5/2019,2,20000,20,60,3/4/2019,1/14/2019
642676140,3.02919E+11,12/12/2018,1,7000,27,45,1/26/2019,12/24/2018
214370444,3.02916E+11,12/12/2018,1,7000,27,45,1/26/2019,12/23/2018
346380366,3.0293E+11,12/15/2018,1,7000,27,45,1/29/2019,1/17/2019
835006351,3.0292E+11,12/13/2018,1,7000,27,45,1/27/2019,1/13/2019
352015539,3.02964E+11,12/24/2018,1,7000,27,45,2/7/2019,1/15/2019
909250151,3.03043E+11,1/15/2019,3,5000,30,30,2/14/2019,1/17/2019
251292580,3.03027E+11,1/10/2019,1,5000,30,30,2/9/2019,1/13/2019
70384745,3.02967E+11,12/25/2018,1,10000,30,30,1/24/2019,1/5/2019
18430169,3.02965E+11,12/25/2018,4,20000,15,60,2/24/2019,1/11/2019
417120772,3.02945E+11,12/19/2018,18,30000,10,90,3/18/2019,1/17/2019
916630700,3.02955E+11,12/22/2018,1,10000,30,30,1/21/2019,1/6/2019
640388539,3.02954E+11,12/21/2018,1,10000,30,30,1/20/2019,12/27/2018
926353051,3.02986E+11,12/31/2018,1,10000,30,30,1/30/2019,1/12/2019
779437911,3.02948E+11,12/20/2018,1,10000,30,30,1/19/2019,1/13/2019
584254634,3.02999E+11,1/3/2019,1,10000,30,30,2/2/2019,1/11/2019
561577441,3.02964E+11,12/24/2018,1,10000,30,30,1/23/2019,1/15/2019
290120121,3.02942E+11,12/19/2018,1,10000,30,30,1/18/2019,1/15/2019
677671086,3.02957E+11,12/22/2018,3,10000,30,30,1/21/2019,1/5/2019
131274940,3.02945E+11,12/19/2018,2,10000,30,30,1/18/2019,1/9/2019
254782785,3.03013E+11,1/7/2019,2,10000,30,30,2/6/2019,1/14/2019
319084996,3.02959E+11,12/23/2018,3,20000,15,60,2/22/2019,1/16/2019
422110109,3.02951E+11,12/21/2018,2,10000,30,30,1/20/2019,1/7/2019
321548764,3.02972E+11,12/27/2018,2,10000,30,30,1/26/2019,1/4/2019
625388830,3.02992E+11,1/2/2019,2,10000,30,30,2/1/2019,1/16/2019
344366145,3.02944E+11,12/19/2018,1,10000,30,30,1/18/2019,12/24/2018
50592939,3.02951E+11,12/21/2018,2,10000,30,30,1/20/2019,12/30/2018
81878017,3.02972E+11,12/27/2018,1,10000,30,30,1/26/2019,1/14/2019
354429842,3.02951E+11,12/21/2018,1,10000,30,30,1/20/2019,1/13/2019
648942156,3.02944E+11,12/19/2018,1,10000,30,30,1/18/2019,1/15/2019
806081871,3.0297E+11,12/27/2018,7,10000,30,30,1/26/2019,1/3/2019
661195670,3.02994E+11,1/2/2019,3,20000,15,60,3/1/2019,1/16/2019
166058507,3.02913E+11,12/11/2018,1,10000,19.8,45,1/25/2019,12/12/2018
776397123,3.02963E+11,12/24/2018,3,12000,20,60,2/23/2019,12/26/2018
811563814,3.0298E+11,12/29/2018,5,7000,20,30,1/28/2019,12/29/2018
995292034,3.02966E+11,12/25/2018,7,7000,20,30,1/24/2019,1/2/2019
496961867,3.02967E+11,12/25/2018,6,7000,20,30,1/24/2019,1/14/2019
391695557,3.03039E+11,1/13/2019,6,7000,20,30,2/12/2019,1/14/2019
401635385,3.02976E+11,12/28/2018,7,7000,20,30,1/27/2019,1/15/2019
990270292,3.02981E+11,12/29/2018,3,7000,20,30,1/28/2019,1/4/2019
854297585,3.02971E+11,12/27/2018,6,30000,7.5,90,3/26/2019,1/15/2019
147167048,3.03012E+11,1/7/2019,3,30000,12.5,60,3/6/2019,1/12/2019
949432867,3.02955E+11,12/22/2018,24,83000,10,60,2/21/2019,1/15/2019
332107062,3.03008E+11,1/5/2019,3,10000,20,30,2/4/2019,1/14/2019
547605847,3.02971E+11,12/27/2018,2,10000,20,30,1/26/2019,12/28/2018
701138556,3.02952E+11,12/21/2018,3,10000,20,30,1/20/2019,12/27/2018
747647878,3.02966E+11,12/25/2018,3,10000,20,30,1/24/2019,12/31/2018
97535574,3.03022E+11,1/9/2019,5,40000,10,60,3/8/2019,1/17/2019
181540554,3.02998E+11,1/3/2019,5,3500,15,15,1/18/2019,1/15/2019
576922217,3.02998E+11,1/3/2019,1,7000,15,15,1/18/2019,1/11/2019
861534190,3.02987E+11,12/31/2018,13,7000,15,30,1/30/2019,1/17/2019
227290357,3.03002E+11,1/4/2019,1,7000,15,15,1/19/2019,1/9/2019
133444346,3.03022E+11,1/9/2019,4,7000,15,15,1/24/2019,1/11/2019
668930493,3.02963E+11,12/24/2018,6,14000,15,30,1/23/2019,12/24/2018
460287568,3.02948E+11,12/20/2018,1,10000,20.1,30,1/19/2019,1/17/2019
672209505,3.02995E+11,1/3/2019,3,10000,15,15,1/18/2019,1/11/2019
715171135,3.02999E+11,1/3/2019,2,10000,15,15,1/18/2019,1/17/2019
688797331,3.02952E+11,12/21/2018,7,26500,10,90,3/20/2019,1/13/2019
484774356,3.02943E+11,12/19/2018,3,10000,15,30,1/18/2019,12/26/2018
720838133,3.03004E+11,1/4/2019,1,10000,15,15,1/19/2019,1/14/2019
595528374,3.03037E+11,1/13/2019,1,10000,15,15,1/28/2019,1/17/2019
793634840,3.03001E+11,1/4/2019,12,10000,15,15,1/19/2019,1/6/2019
82245705,3.02971E+11,12/27/2018,7,10000,15,30,1/26/2019,1/11/2019
161632181,3.02998E+11,1/3/2019,4,10000,15,15,1/18/2019,1/6/2019
22717537,3.02986E+11,12/31/2018,8,10000,15,30,1/30/2019,1/1/2019
19523239,3.03001E+11,1/4/2019,1,10000,15,15,1/19/2019,1/17/2019
822390534,3.03019E+11,1/8/2019,1,10000,15,15,1/23/2019,1/16/2019
883996485,3.03032E+11,1/11/2019,1,3000,30,30,2/10/2019,1/15/2019
970677277,3.03042E+11,1/14/2019,1,3000,30,30,2/13/2019,1/16/2019
378980845,3.03042E+11,1/14/2019,1,3000,30,30,2/13/2019,1/15/2019
417069224,3.03036E+11,1/13/2019,1,3000,30,30,2/12/2019,1/15/2019
434522807,3.03021E+11,1/9/2019,1,3000,30,30,2/8/2019,1/11/2019
296350216,3.03014E+11,1/7/2019,1,3000,30,30,2/6/2019,1/11/2019
408359459,3.03004E+11,1/4/2019,7,24000,15,60,3/3/2019,1/11/2019
134255479,3.03004E+11,1/4/2019,1,12000,15,60,3/3/2019,1/8/2019
677904715,3.02957E+11,12/22/2018,6,13000,20,30,1/21/2019,12/26/2018
768252741,3.02989E+11,1/1/2019,5,13000,20,30,1/31/2019,1/10/2019
407771100,3.02958E+11,12/23/2018,20,48000,15,60,2/22/2019,1/15/2019
645717943,3.02951E+11,12/21/2018,3,15000,20,60,2/20/2019,1/16/2019
605986758,3.03017E+11,1/8/2019,3,44500,5,180,7/7/2019,1/11/2019
14359574,3.02942E+11,12/19/2018,3,16000,12.5,60,2/18/2019,1/17/2019
27395171,PP2946169406,12/20/2018,1,50000,6,90,3/19/2019,12/25/2018
659614068,3.02952E+11,12/21/2018,5,49500,7.5,180,6/20/2019,1/5/2019
130582517,3.02974E+11,12/28/2018,5,20000,12.5,90,3/27/2019,12/29/2018
163381010,3.02992E+11,1/2/2019,4,32000,12.5,60,3/1/2019,1/4/2019
223606592,3.03007E+11,1/5/2019,6,34500,12.5,90,4/4/2019,1/11/2019
525678519,3.03051E+11,1/16/2019,2,5000,36,45,3/2/2019,1/16/2019
306448020,3.02949E+11,12/20/2018,1,10000,36,45,2/3/2019,12/24/2018
338743564,3.02986E+11,12/31/2018,1,10000,36,45,2/14/2019,1/5/2019
877725281,3.02986E+11,12/31/2018,1,10000,36,45,2/14/2019,1/16/2019
974145900,3.02933E+11,12/16/2018,1,10000,36,45,1/30/2019,12/24/2018
703939569,3.02956E+11,12/22/2018,1,10000,36,45,2/5/2019,1/7/2019
106231838,3.02929E+11,12/15/2018,1,10000,36,45,1/29/2019,12/20/2018
482349166,3.02945E+11,12/19/2018,1,10000,36,45,2/2/2019,1/11/2019
831501996,3.02928E+11,12/14/2018,1,10000,36,45,1/28/2019,1/14/2019
173242934,3.02957E+11,12/22/2018,1,10000,36,45,2/5/2019,1/17/2019
485631936,3.03034E+11,1/12/2019,1,10000,36,45,2/26/2019,1/16/2019
414875904,3.02985E+11,12/31/2018,1,10000,36,45,2/14/2019,1/3/2019
922297391,3.03028E+11,1/10/2019,1,10000,36,45,2/24/2019,1/11/2019
865199829,3.02926E+11,12/14/2018,1,10000,36,45,1/28/2019,12/28/2018
41278018,3.02952E+11,12/21/2018,1,10000,36,45,2/4/2019,12/28/2018
312081117,3.02966E+11,12/25/2018,1,10000,36,45,2/8/2019,12/28/2018
856309722,3.02918E+11,12/12/2018,1,10000,36,45,1/26/2019,1/3/2019
289931975,3.02927E+11,12/14/2018,1,10000,36,45,1/28/2019,1/10/2019
20230294,3.02922E+11,12/13/2018,1,10000,36,45,1/27/2019,1/8/2019
68717588,3.02962E+11,12/24/2018,12,7500,20,30,1/23/2019,1/16/2019
741491337,3.02956E+11,12/22/2018,5,33000,12.5,90,3/21/2019,1/12/2019
61340158,3.02963E+11,12/24/2018,2,30000,10,60,2/23/2019,1/8/2019
630284783,3.02972E+11,12/27/2018,4,30000,10,60,2/26/2019,1/8/2019
980496924,3.0296E+11,12/23/2018,4,30000,10,60,2/22/2019,1/2/2019
679771050,3.02991E+11,1/1/2019,3,30000,10,60,2/28/2019,1/17/2019
811187399,3.03025E+11,1/10/2019,2,30000,10,60,3/9/2019,1/12/2019
336652624,3.02995E+11,1/2/2019,5,17000,15,60,3/2/2019,1/5/2019
509179217,PP2974226046,12/28/2018,2,25500,6,90,3/27/2019,1/6/2019
649648748,3.02941E+11,12/18/2018,1,7000,36,45,2/1/2019,12/18/2018
616511010,3.02948E+11,12/20/2018,3,10500,20,30,1/19/2019,1/15/2019
737467943,3.0295E+11,12/21/2018,1,30000,12,120,4/20/2019,1/15/2019
328354884,3.03002E+11,1/4/2019,1,11000,15,15,1/19/2019,1/16/2019
198578303,3.02965E+11,12/25/2018,3,25000,15,60,2/24/2019,1/7/2019
215022887,3.02943E+11,12/19/2018,3,25000,15,60,2/18/2019,1/15/2019
177536254,3.0296E+11,12/23/2018,3,25000,15,60,2/22/2019,12/31/2018
598198156,3.0299E+11,1/1/2019,3,25000,15,60,2/28/2019,1/5/2019
936409283,3.02985E+11,12/31/2018,4,25000,15,60,2/28/2019,1/11/2019
543523984,3.02967E+11,12/25/2018,3,25000,15,60,2/24/2019,1/8/2019
261685411,3.02956E+11,12/22/2018,5,150000,5,180,6/21/2019,1/16/2019
906599572,3.02942E+11,12/19/2018,10,100000,5,180,6/18/2019,1/10/2019
530073424,3.02963E+11,12/24/2018,3,7000,12.5,30,1/23/2019,12/29/2018
295549944,3.0295E+11,12/20/2018,1,7000,30,30,1/19/2019,12/29/2018
758557738,3.02964E+11,12/24/2018,4,56000,5,180,6/23/2019,1/10/2019
800489714,3.02962E+11,12/24/2018,4,45000,10,90,3/23/2019,1/16/2019
184038584,3.0291E+11,12/11/2018,1,10000,27,45,1/25/2019,12/12/2018
34723065,3.02943E+11,12/19/2018,1,10000,27,45,2/2/2019,12/20/2018
891480762,3.02965E+11,12/25/2018,1,10000,27,45,2/8/2019,1/15/2019
453703877,3.02906E+11,12/10/2018,1,10000,27,45,1/24/2019,12/14/2018
132358584,3.02908E+11,12/10/2018,1,10000,27,45,1/24/2019,1/14/2019
36932800,3.02972E+11,12/27/2018,1,10000,27,45,2/10/2019,1/13/2019
19635549,3.02918E+11,12/12/2018,1,10000,27,45,1/26/2019,1/3/2019
368195153,3.02914E+11,12/11/2018,1,10000,27,45,1/25/2019,12/18/2018
602866956,3.02905E+11,12/10/2018,1,10000,27,45,1/24/2019,1/5/2019
388018898,3.02965E+11,12/25/2018,1,10000,27,45,2/8/2019,12/30/2018
224537432,3.02966E+11,12/25/2018,14,61000,7.5,180,6/24/2019,1/9/2019
208599886,3.02981E+11,12/29/2018,11,29000,20,60,2/28/2019,1/9/2019
779876788,3.02942E+11,12/19/2018,11,18000,15,60,2/18/2019,12/28/2018
950972965,3.02982E+11,12/30/2018,4,30000,12.5,90,3/29/2019,1/17/2019
205562758,3.02963E+11,12/24/2018,2,30000,12.5,90,3/23/2019,1/11/2019
507499474,3.02943E+11,12/19/2018,4,22000,12.5,60,2/18/2019,1/17/2019
398912118,3.02986E+11,12/31/2018,4,30000,12.5,90,3/30/2019,1/9/2019
299340420,3.0297E+11,12/26/2018,4,22000,15,60,2/25/2019,1/15/2019
384319885,3.02913E+11,12/11/2018,1,9000,36,45,1/25/2019,12/26/2018
480020599,3.02914E+11,12/11/2018,1,9000,36,45,1/25/2019,1/10/2019
809955622,3.02915E+11,12/12/2018,1,9000,36,45,1/26/2019,1/9/2019
82418937,3.02983E+11,12/30/2018,1,40000,12,120,4/29/2019,1/17/2019
862529106,3.03042E+11,1/14/2019,3,18000,36,45,2/28/2019,1/15/2019
116521381,3.03032E+11,1/11/2019,2,18000,36,45,2/25/2019,1/16/2019
804242944,3.02945E+11,12/19/2018,5,8500,20,30,1/18/2019,1/2/2019
674284310,3.02949E+11,12/20/2018,1,30000,9,120,4/19/2019,12/23/2018
407415399,3.02986E+11,12/31/2018,26,34000,10,60,2/28/2019,1/12/2019
105408921,3.02953E+11,12/21/2018,4,60000,7.5,90,3/20/2019,1/17/2019
478116134,3.02987E+11,12/31/2018,6,66000,5,180,6/30/2019,1/3/2019
844074311,3.02949E+11,12/20/2018,8,22000,15,60,2/19/2019,1/16/2019
150910550,3.02955E+11,12/22/2018,2,22000,15,60,2/21/2019,1/3/2019
218427265,3.02948E+11,12/20/2018,2,22000,15,60,2/19/2019,1/15/2019
910404278,3.02972E+11,12/27/2018,3,22000,15,60,2/26/2019,1/13/2019
863358949,3.02947E+11,12/20/2018,2,22000,15,60,2/19/2019,12/22/2018
350140551,3.02972E+11,12/27/2018,2,22000,15,60,2/26/2019,1/17/2019
690719300,3.02963E+11,12/24/2018,2,22000,15,60,2/23/2019,1/11/2019
379664155,3.0299E+11,1/1/2019,2,22000,15,60,2/28/2019,1/17/2019
766720830,3.02982E+11,12/30/2018,2,22000,15,60,2/28/2019,1/14/2019
949476279,3.02971E+11,12/27/2018,2,22000,15,60,2/26/2019,12/28/2018
261127873,3.03053E+11,1/16/2019,3,1500,15,15,1/31/2019,1/16/2019
668537292,3.03052E+11,1/16/2019,1,1500,15,15,1/31/2019,1/17/2019
205732484,3.03052E+11,1/16/2019,3,1500,15,15,1/31/2019,1/16/2019
398915765,3.03033E+11,1/12/2019,1,3000,15,15,1/27/2019,1/12/2019
119992550,3.03049E+11,1/15/2019,2,3000,15,15,1/30/2019,1/17/2019
540480049,3.03042E+11,1/14/2019,2,3000,15,15,1/29/2019,1/15/2019
93302124,3.03052E+11,1/16/2019,2,3000,15,15,1/31/2019,1/17/2019
639945193,3.0305E+11,1/15/2019,2,3000,15,15,1/30/2019,1/16/2019
251240059,3.03017E+11,1/8/2019,1,3000,15,15,1/23/2019,1/13/2019
347322052,3.03025E+11,1/10/2019,1,3000,15,15,1/25/2019,1/10/2019
299189128,3.03028E+11,1/10/2019,1,3000,15,15,1/25/2019,1/14/2019
806049100,3.03041E+11,1/14/2019,2,3000,15,15,1/29/2019,1/16/2019
28172409,3.03043E+11,1/14/2019,2,3000,15,15,1/30/2019,1/16/2019
848058684,3.03045E+11,1/15/2019,2,3000,15,15,1/30/2019,1/17/2019
330339394,3.02999E+11,1/4/2019,5,12000,15,30,2/3/2019,1/11/2019
756434895,3.0305E+11,1/15/2019,1,2000,15,15,1/30/2019,1/17/2019
887089982,3.03019E+11,1/8/2019,1,4000,15,15,1/23/2019,1/16/2019
89568666,3.03029E+11,1/11/2019,7,4000,15,15,1/26/2019,1/12/2019
839538130,3.03004E+11,1/4/2019,6,4000,15,15,1/19/2019,1/16/2019
831244758,3.02967E+11,12/25/2018,3,16000,15,30,1/24/2019,1/17/2019
883846343,3.02966E+11,12/25/2018,17,10000,12.5,30,1/24/2019,12/25/2018
986396048,3.03047E+11,1/15/2019,9,10000,12.5,30,2/14/2019,1/15/2019
159789592,3.0297E+11,12/26/2018,2,20000,12.5,30,1/25/2019,1/4/2019
87890191,3.0296E+11,12/23/2018,1,10000,12.6,30,1/22/2019,12/23/2018
994299516,3.02952E+11,12/21/2018,2,144000,7.5,180,6/20/2019,1/14/2019
597962950,3.02989E+11,1/1/2019,4,48000,7.5,180,6/30/2019,1/14/2019
506446040,3.03007E+11,1/5/2019,5,28500,12.5,60,3/4/2019,1/9/2019
462977643,3.02955E+11,12/22/2018,4,30000,12.5,90,3/21/2019,12/26/2018
219872482,3.02948E+11,12/20/2018,1,18500,20.1,60,2/19/2019,1/16/2019
252182066,3.02986E+11,12/31/2018,1,18500,20.1,60,2/28/2019,1/17/2019
734843109,3.03006E+11,1/5/2019,1,21000,9.9,90,4/4/2019,1/9/2019
499502826,3.02966E+11,12/25/2018,5,14500,12.5,60,2/24/2019,12/29/2018
651826372,3.0297E+11,12/26/2018,4,34500,12.5,90,3/25/2019,12/27/2018
576015623,3.02959E+11,12/23/2018,4,37500,12.5,90,3/22/2019,1/15/2019
274516838,3.02983E+11,12/30/2018,6,37500,12.5,90,3/29/2019,1/4/2019
720183453,3.02963E+11,12/24/2018,8,59000,12.5,90,3/23/2019,1/8/2019
776776360,PP2951155075,12/21/2018,6,62500,6,90,3/20/2019,1/8/2019
214980746,3.02949E+11,12/20/2018,3,20500,15,60,2/19/2019,1/12/2019
668181902,3.02947E+11,12/20/2018,2,23000,12.5,60,2/19/2019,12/31/2018
791833451,3.03001E+11,1/4/2019,2,23000,12.5,60,3/3/2019,1/4/2019
580559296,3.02944E+11,12/19/2018,2,23000,12.5,60,2/18/2019,1/16/2019
996484488,3.02944E+11,12/19/2018,2,23000,12.5,60,2/18/2019,1/4/2019
503933726,3.02949E+11,12/20/2018,2,23000,12.5,60,2/19/2019,1/11/2019
656701354,3.02962E+11,12/24/2018,7,36000,12.5,90,3/23/2019,12/28/2018
270655037,3.02942E+11,12/19/2018,4,45000,7.5,180,6/18/2019,1/14/2019
975693274,3.02991E+11,1/2/2019,1,40500,12,120,5/2/2019,1/3/2019
53069742,3.03021E+11,1/9/2019,1,40500,12,120,5/8/2019,1/9/2019
398717226,3.03E+11,1/4/2019,1,40500,12,120,5/3/2019,1/4/2019
888520010,3.02959E+11,12/23/2018,2,30000,12.5,60,2/22/2019,1/11/2019
210293202,3.02989E+11,1/1/2019,5,30000,12.5,60,2/28/2019,1/11/2019
234846952,3.02953E+11,12/21/2018,2,22000,7.5,90,3/20/2019,12/27/2018
560137064,3.02963E+11,12/24/2018,8,9500,15,30,1/23/2019,1/16/2019
491729006,3.02998E+11,1/3/2019,7,9500,15,30,2/2/2019,1/15/2019
833657567,3.02979E+11,12/29/2018,2,25000,15,60,2/28/2019,12/29/2018
230082370,3.02946E+11,12/20/2018,12,14500,15,60,2/19/2019,1/16/2019
999996261,3.0298E+11,12/29/2018,3,14500,15,60,2/28/2019,1/11/2019
248270781,3.02967E+11,12/25/2018,4,14500,15,60,2/24/2019,1/16/2019
587751420,3.02956E+11,12/22/2018,2,14500,15,60,2/21/2019,1/4/2019
650949033,3.02962E+11,12/24/2018,1,7000,20.1,30,1/23/2019,1/10/2019
583762681,3.02951E+11,12/21/2018,2,7000,20.1,30,1/20/2019,12/30/2018
247393684,3.02947E+11,12/20/2018,1,7000,20.1,30,1/19/2019,12/27/2018
776053836,3.03017E+11,1/8/2019,2,15000,12.6,30,2/7/2019,1/10/2019
349765210,3.02974E+11,12/27/2018,1,15000,12.6,30,1/26/2019,1/10/2019
634314287,3.02958E+11,12/23/2018,2,15000,12.6,30,1/22/2019,1/11/2019
597962950,3.02954E+11,12/21/2018,3,22000,12.5,90,3/20/2019,1/1/2019
97406230,3.0302E+11,1/8/2019,4,45000,10,90,4/7/2019,1/10/2019
880573892,3.02942E+11,12/19/2018,4,45000,10,90,3/18/2019,1/16/2019
580159581,3.03034E+11,1/12/2019,2,10500,15,15,1/27/2019,1/12/2019
132915741,3.02943E+11,12/19/2018,6,39500,10,90,3/18/2019,1/7/2019
965021101,3.0296E+11,12/23/2018,1,11000,20.1,30,1/22/2019,12/29/2018
640671445,3.02993E+11,1/2/2019,1,11000,20.1,30,2/1/2019,1/17/2019
940922740,3.02967E+11,12/25/2018,1,11000,20.1,30,1/24/2019,1/4/2019
643625688,3.02955E+11,12/22/2018,1,11000,20.1,30,1/21/2019,1/10/2019
518534979,3.0298E+11,12/29/2018,1,11000,20.1,30,1/28/2019,1/11/2019
765326290,3.03003E+11,1/4/2019,1,11000,20.1,30,2/3/2019,1/8/2019
810850343,3.03008E+11,1/5/2019,1,11000,20.1,30,2/4/2019,1/16/2019
380878564,3.02971E+11,12/27/2018,1,11000,20.1,30,1/26/2019,1/15/2019
712195266,3.02968E+11,12/26/2018,3,11000,20.1,30,1/25/2019,1/16/2019
667955858,3.02955E+11,12/22/2018,1,11000,20.1,30,1/21/2019,1/2/2019
259405196,3.02956E+11,12/22/2018,1,11000,20.1,30,1/21/2019,1/11/2019
864875725,3.0302E+11,1/8/2019,1,11000,20.1,30,2/7/2019,1/15/2019
518233685,3.02944E+11,12/19/2018,1,11000,20.1,30,1/18/2019,1/15/2019
501677576,3.02952E+11,12/21/2018,1,11000,20.1,30,1/20/2019,1/12/2019
967514375,3.02996E+11,1/3/2019,1,11000,20.1,30,2/2/2019,1/13/2019
347033535,3.02942E+11,12/19/2018,1,11500,15,30,1/18/2019,1/3/2019
268766947,3.02975E+11,12/28/2018,2,11500,15,30,1/27/2019,1/7/2019
983881420,3.02962E+11,12/24/2018,3,15000,15,30,1/23/2019,1/9/2019
585350885,3.03033E+11,1/12/2019,2,15000,15,15,1/27/2019,1/16/2019
740686093,3.02943E+11,12/19/2018,2,15000,15,30,1/18/2019,12/29/2018
11779914,3.02957E+11,12/22/2018,2,15000,15,30,1/21/2019,12/27/2018
563269462,3.02962E+11,12/24/2018,1,17000,12.6,90,3/23/2019,12/24/2018
658651954,3.02955E+11,12/22/2018,11,57000,7.5,180,6/21/2019,1/7/2019
577187026,3.02948E+11,12/20/2018,1,11500,19.8,45,2/3/2019,1/3/2019
79924774,3.02946E+11,12/20/2018,1,11500,19.8,45,2/3/2019,12/20/2018
204567625,3.02971E+11,12/27/2018,1,11500,19.8,45,2/10/2019,1/10/2019
933269719,3.02941E+11,12/18/2018,1,11500,19.8,45,2/1/2019,12/29/2018
840847984,3.02957E+11,12/22/2018,2,11500,19.8,45,2/5/2019,12/31/2018
81767649,3.02948E+11,12/20/2018,14,27500,12.5,90,3/19/2019,1/2/2019
967249899,3.02982E+11,12/30/2018,8,18500,7.5,90,3/29/2019,1/9/2019
583646050,3.02983E+11,12/30/2018,4,45000,7.5,90,3/29/2019,1/4/2019
826732708,3.02944E+11,12/19/2018,4,34500,12.5,90,3/18/2019,1/15/2019
639034923,3.02967E+11,12/25/2018,3,34500,12.5,90,3/24/2019,1/6/2019
231927458,3.02945E+11,12/19/2018,4,34500,12.5,90,3/18/2019,1/17/2019
701485745,3.02984E+11,12/30/2018,3,34500,12.5,90,3/29/2019,1/6/2019
880859347,3.02994E+11,1/2/2019,3,34500,12.5,90,4/1/2019,1/14/2019
204891012,3.03007E+11,1/5/2019,2,47500,10,90,4/4/2019,1/14/2019
268445287,3.02959E+11,12/23/2018,1,31000,20.1,60,2/22/2019,1/5/2019
548574074,3.02949E+11,12/20/2018,7,124500,5,180,6/19/2019,1/7/2019
11118287,3.02956E+11,12/22/2018,5,64500,7.5,180,6/21/2019,1/14/2019
458715758,3.02977E+11,12/28/2018,6,86000,7.5,180,6/27/2019,1/8/2019
198880903,3.02976E+11,12/28/2018,2,15000,12.5,30,1/27/2019,1/10/2019
857418465,3.02943E+11,12/19/2018,1,103000,12,120,4/18/2019,1/17/2019
654661034,3.02979E+11,12/29/2018,2,28500,7.5,90,3/28/2019,1/15/2019
770218664,3.02964E+11,12/24/2018,6,30000,7.5,90,3/23/2019,12/30/2018
22877136,3.02961E+11,12/24/2018,4,60000,7.5,90,3/23/2019,1/4/2019
516140389,3.03034E+11,1/12/2019,2,20500,19.8,45,2/26/2019,1/12/2019
466905951,3.02961E+11,12/24/2018,9,46500,7.5,90,3/23/2019,12/29/2018
290597996,3.02953E+11,12/21/2018,8,150000,7.5,180,6/20/2019,1/11/2019
906302363,3.02981E+11,12/30/2018,3,37500,12.5,90,3/29/2019,1/7/2019
597208053,3.02949E+11,12/20/2018,4,37500,12.5,90,3/19/2019,1/13/2019
391701399,3.02965E+11,12/25/2018,3,37500,12.5,90,3/24/2019,1/3/2019
802930691,3.0296E+11,12/23/2018,4,49500,7.5,180,6/22/2019,1/9/2019
163360499,3.02943E+11,12/19/2018,4,166000,5,180,6/18/2019,1/16/2019
455226081,3.02992E+11,1/2/2019,10,100000,5,180,7/1/2019,1/14/2019
260815447,3.03018E+11,1/8/2019,8,100000,5,180,7/7/2019,1/11/2019
501074525,3.02953E+11,12/21/2018,6,100000,5,180,6/20/2019,1/17/2019
236783014,3.02943E+11,12/19/2018,10,100000,5,180,6/18/2019,1/13/2019
506672730,3.02961E+11,12/24/2018,6,88000,5,180,6/23/2019,1/15/2019
357194863,3.02974E+11,12/28/2018,7,44500,7.5,180,6/27/2019,1/15/2019
906518727,3.02961E+11,12/24/2018,4,52000,7.5,180,6/23/2019,1/16/2019
160148592,3.02943E+11,12/19/2018,3,32000,12.5,90,3/18/2019,1/17/2019
22149753,3.02942E+11,12/19/2018,4,40000,7.5,180,6/18/2019,1/12/2019
837615193,3.02952E+11,12/21/2018,5,59500,7.5,180,6/20/2019,1/16/2019
240507310,3.02962E+11,12/24/2018,5,59500,7.5,180,6/23/2019,1/13/2019
834167819,3.0295E+11,12/20/2018,4,30500,12.5,90,3/19/2019,1/15/2019
734399021,3.02943E+11,12/19/2018,3,23000,12.5,90,3/18/2019,12/24/2018
996002932,3.02945E+11,12/19/2018,6,23000,12.5,90,3/18/2019,1/16/2019
827060264,3.02962E+11,12/24/2018,4,61000,7.5,180,6/23/2019,1/13/2019
727513695,3.02972E+11,12/27/2018,4,17000,12.5,90,3/26/2019,1/12/2019
823297150,3.02942E+11,12/19/2018,5,75500,5,180,6/18/2019,1/17/2019
170457915,3.02942E+11,12/19/2018,4,39500,7.5,180,6/18/2019,1/17/2019
557689750,3.02977E+11,12/28/2018,11,39500,7.5,180,6/27/2019,1/6/2019
192286872,3.02943E+11,12/19/2018,9,98000,5,180,6/18/2019,12/20/2018
43078370,3.02956E+11,12/22/2018,6,77000,5,180,6/21/2019,12/22/2018
300621795,3.02964E+11,12/24/2018,5,83000,5,180,6/23/2019,1/5/2019
241632839,3.02952E+11,12/21/2018,1,81500,7.5,180,6/20/2019,1/11/2019
846121332,3.02993E+11,1/2/2019,7,100000,10,90,4/1/2019,1/5/2019
659633916,3.03004E+11,1/4/2019,7,100000,5,180,7/3/2019,1/16/2019
GH96550430,100017786,2/8/2018,5,80,15,15,2/23/2018,2/23/2018
GH37504396,100012838,1/14/2018,1,80,15,15,1/29/2018,1/29/2018
GH54723054,100016807,2/2/2018,2,80,15,15,2/19/2018,2/16/2018
GH47548807,100018275,2/11/2018,2,80,15,15,2/26/2018,2/28/2018
GH84759681,100015781,1/27/2018,2,80,15,15,2/12/2018,2/12/2018
GH35460722,100016172,1/30/2018,5,80,15,15,2/14/2018,3/1/2018
GH04894087,100011235,1/8/2018,2,80,15,15,1/23/2018,1/22/2018
GH42405922,100019919,2/20/2018,5,80,15,15,3/7/2018,3/4/2018
GH62638354,100018341,2/12/2018,5,80,15,15,2/27/2018,2/26/2018
GH27599183,100014393,1/20/2018,1,80,15,15,2/5/2018,2/5/2018
GH00205281,100012492,1/13/2018,1,80,15,15,1/29/2018,1/29/2018
GH94877744,100014182,1/19/2018,2,80,15,15,2/5/2018,1/29/2018
GH77744340,100018807,2/14/2018,2,80,15,15,3/1/2018,3/1/2018
GH27237979,100019864,2/20/2018,4,80,15,15,3/7/2018,3/3/2018
GH14093998,100011729,1/10/2018,1,80,15,15,1/25/2018,1/23/2018
GH00808874,100010319,1/1/2018,2,80,15,15,1/16/2018,1/15/2018
GH11632090,100016184,1/30/2018,3,80,15,15,2/14/2018,2/15/2018
GH56785851,100011067,1/6/2018,3,80,15,15,1/22/2018,1/22/2018
GH85390929,100015715,1/27/2018,2,80,15,15,2/12/2018,2/16/2018
GH29089809,100010564,1/3/2018,3,80,15,15,1/18/2018,1/11/2018
GH07189378,100016700,2/2/2018,1,80,15,15,2/19/2018,2/9/2018
GH62107518,100016384,1/31/2018,1,80,15,15,2/15/2018,2/15/2018
GH72937410,100013596,1/16/2018,1,80,15,15,1/31/2018,1/30/2018
GH04123177,100018999,2/15/2018,4,80,15,15,3/2/2018,3/1/2018
GH77735356,100019922,2/20/2018,2,80,15,15,3/7/2018,3/5/2018
GH94880102,100011731,1/10/2018,1,80,15,15,1/25/2018,1/26/2018
GH16140997,100017184,2/5/2018,5,80,15,15,2/20/2018,2/19/2018
GH06832511,100014400,1/20/2018,1,80,15,15,2/5/2018,2/14/2018
GH79975596,100011450,1/9/2018,1,80,15,15,1/24/2018,1/18/2018
GH91866056,100012296,1/12/2018,1,80,15,15,1/29/2018,1/18/2018
GH25538030,100015037,1/23/2018,1,80,15,15,2/7/2018,2/7/2018
GH56785851,100015821,1/27/2018,4,80,15,15,2/12/2018,2/11/2018
GH26139148,100017099,2/4/2018,2,80,15,15,2/19/2018,2/27/2018
GH12044261,100014862,1/23/2018,2,80,15,15,2/7/2018,2/6/2018
GH03825373,100012495,1/13/2018,1,80,15,15,1/29/2018,2/13/2018
GH16140997,100014473,1/20/2018,4,80,15,15,2/5/2018,2/4/2018
GH21917111,100017509,2/6/2018,4,80,15,15,2/21/2018,2/17/2018
GH72548249,100015748,1/27/2018,2,80,15,15,2/12/2018,2/9/2018
GH84657758,100018622,2/13/2018,2,80,15,15,2/28/2018,2/27/2018
GH02191438,100016410,1/31/2018,4,80,15,15,2/15/2018,2/12/2018
GH63887800,100016727,2/2/2018,2,80,15,15,2/19/2018,2/25/2018
GH26366776,100011949,1/11/2018,1,80,15,15,1/26/2018,1/16/2018
GH47742294,100010287,1/1/2018,3,80,15,15,1/16/2018,1/15/2018
GH50398055,100013230,1/15/2018,4,80,15,15,1/30/2018,1/27/2018
GH54463289,100014198,1/19/2018,1,80,15,15,2/5/2018,2/5/2018
GH33548869,100017816,2/8/2018,5,80,15,15,2/23/2018,2/21/2018
GH53257816,100016201,1/30/2018,4,80,15,15,2/14/2018,2/14/2018
GH30979353,100011970,1/11/2018,1,80,15,15,1/26/2018,1/26/2018
GH71446879,100015687,1/26/2018,2,80,15,15,2/12/2018,2/12/2018
GH26958108,100018993,2/15/2018,2,80,15,15,3/2/2018,3/2/2018
GH25218149,100015383,1/25/2018,5,80,15,15,2/9/2018,2/9/2018
GH36849122,100015722,1/27/2018,1,80,15,15,2/12/2018,2/6/2018
GH63344119,100019898,2/20/2018,4,80,15,15,3/7/2018,3/7/2018
GH11419942,100016528,2/1/2018,2,80,15,15,2/16/2018,2/15/2018
GH33164754,100014274,1/19/2018,5,80,15,15,2/5/2018,2/12/2018
GH33548869,100011364,1/9/2018,3,80,15,15,1/24/2018,1/24/2018
GH28179321,100016682,2/2/2018,5,80,15,15,2/19/2018,2/28/2018
GH96880686,100012940,1/14/2018,1,80,15,15,1/29/2018,2/17/2018
GH80713260,100017839,2/8/2018,4,80,15,15,2/23/2018,2/27/2018
GH61207133,100018984,2/15/2018,4,80,15,15,3/2/2018,3/2/2018
GH85561382,100016417,1/31/2018,3,80,15,15,2/15/2018,2/13/2018
GH65443774,100017210,2/5/2018,6,80,15,15,2/20/2018,2/20/2018
GH11704484,100012388,1/12/2018,3,80,15,15,1/29/2018,1/29/2018
GH75509875,100015465,1/25/2018,1,80,15,15,2/9/2018,2/9/2018
GH28179321,100011014,1/6/2018,4,80,15,15,1/22/2018,1/31/2018
GH59483030,100017217,2/5/2018,5,80,15,15,2/20/2018,4/4/2018
GH81484333,100012258,1/12/2018,1,80,15,15,1/29/2018,1/24/2018
GH00205281,100016094,1/29/2018,2,80,15,15,2/13/2018,2/27/2018
GH16140997,100010829,1/4/2018,3,80,15,15,1/19/2018,1/19/2018
GH04969435,100019662,2/19/2018,6,80,15,15,3/6/2018,3/6/2018
GH96908526,100013425,1/16/2018,3,80,15,15,1/31/2018,2/19/2018
GH27209571,100015634,1/26/2018,5,80,15,15,2/12/2018,2/11/2018
GH98017512,100016651,2/2/2018,1,80,15,15,2/19/2018,2/14/2018
GH46661689,100014131,1/19/2018,3,80,15,15,2/5/2018,2/5/2018
GH19561717,100018120,2/10/2018,1,80,15,15,2/26/2018,2/23/2018
GH68637137,100015409,1/25/2018,1,80,15,15,2/9/2018,2/9/2018
GH25602476,100014889,1/23/2018,1,80,15,15,2/7/2018,2/6/2018
GH91278408,100017825,2/8/2018,2,80,15,15,2/23/2018,3/29/2018
GH73186284,100012603,1/13/2018,1,80,15,15,1/29/2018,1/27/2018
GH44294596,100012797,1/14/2018,2,80,15,15,1/29/2018,1/24/2018
GH99203754,100011121,1/7/2018,2,80,15,15,1/22/2018,1/10/2018
GH06246073,100011069,1/6/2018,4,80,15,15,1/22/2018,1/24/2018
GH63727524,100015090,1/23/2018,1,80,15,15,2/7/2018,5/28/2018
GH37396334,100015185,1/24/2018,2,80,15,15,2/8/2018,2/8/2018
GH84759681,100012614,1/13/2018,1,80,15,15,1/29/2018,1/27/2018
GH44856685,100014222,1/19/2018,4,80,15,15,2/5/2018,2/2/2018
GH70411308,100010323,1/1/2018,2,80,15,15,1/16/2018,1/15/2018
GH69738820,100016004,1/29/2018,1,80,15,15,2/13/2018,2/12/2018
GH44466372,100010781,1/4/2018,2,80,15,15,1/19/2018,1/17/2018
GH46916389,100015224,1/24/2018,4,80,15,15,2/8/2018,2/8/2018
GH45657328,100016105,1/29/2018,5,80,15,15,2/13/2018,2/13/2018
GH03797882,100016354,1/31/2018,1,80,15,15,2/15/2018,2/15/2018
GH38221962,100013906,1/18/2018,5,80,15,15,2/2/2018,2/2/2018
GH14494106,100010525,1/3/2018,2,80,15,15,1/18/2018,1/18/2018
GH05596552,100018167,2/10/2018,5,80,15,15,2/26/2018,2/24/2018
GH73053338,100017085,2/4/2018,1,80,15,15,2/19/2018,2/19/2018
GH00957556,100012589,1/13/2018,1,80,15,15,1/29/2018,1/26/2018
GH51803552,100019534,2/18/2018,6,80,15,15,3/5/2018,3/5/2018
GH82290691,100013411,1/16/2018,5,80,15,15,1/31/2018,2/1/2018
GH44856685,100016872,2/2/2018,5,80,15,15,2/19/2018,3/5/2018
GH59374898,100012029,1/11/2018,2,80,15,15,1/26/2018,1/23/2018
GH45662021,100011257,1/8/2018,1,80,15,15,1/23/2018,1/22/2018
GH80411093,100016078,1/29/2018,3,80,15,15,2/13/2018,1/29/2018
GH51803552,100013619,1/16/2018,4,80,15,15,1/31/2018,1/30/2018
GH80235933,100011938,1/11/2018,2,80,15,15,1/26/2018,1/26/2018
GH24740548,100018129,2/10/2018,1,80,15,15,2/26/2018,2/28/2018
GH08050804,100013699,1/17/2018,4,80,15,15,2/1/2018,1/31/2018
GH12090274,100015783,1/27/2018,1,80,15,15,2/12/2018,2/12/2018
GH05596552,100014362,1/20/2018,4,80,15,15,2/5/2018,1/30/2018
GH81389500,100011950,1/11/2018,1,80,15,15,1/26/2018,1/24/2018
GH12972845,100010543,1/3/2018,2,80,15,15,1/18/2018,1/15/2018
GH55103900,100016564,2/1/2018,3,80,15,15,2/16/2018,2/14/2018
GH13607443,100017892,2/8/2018,5,80,15,15,2/23/2018,2/23/2018
GH30787200,100015230,1/24/2018,1,80,15,15,2/8/2018,2/8/2018
GH49149221,100017435,2/6/2018,5,80,15,15,2/21/2018,2/19/2018
GH05460103,100016792,2/2/2018,1,80,15,15,2/19/2018,2/11/2018
GH59669870,100019643,2/19/2018,4,80,15,15,3/6/2018,3/4/2018
GH74851235,100019887,2/20/2018,3,80,15,15,3/7/2018,3/6/2018
GH87811290,100011265,1/8/2018,2,80,15,15,1/23/2018,1/21/2018
GH46610651,100019842,2/20/2018,2,80,15,15,3/7/2018,3/6/2018
GH41443131,100010650,1/3/2018,1,80,15,15,1/18/2018,1/11/2018
GH79299768,100016823,2/2/2018,2,80,15,15,2/19/2018,2/16/2018
GH60247976,100016005,1/29/2018,3,80,15,15,2/13/2018,2/12/2018
GH61487467,100012028,1/11/2018,4,80,15,15,1/26/2018,1/26/2018
GH92958716,100017248,2/5/2018,5,80,15,15,2/20/2018,2/19/2018
GH67529775,100017455,2/6/2018,2,80,15,15,2/21/2018,3/5/2018
686128144,3.01785E+11,5/22/2018,11,49500,10,60,7/21/2018,6/22/2018
672963859,302957705,3/22/2018,5,49500,10,60,5/21/2018,3/30/2018
936421926,302775130,2/13/2018,2,49500,10,60,4/15/2018,4/13/2018
686128144,303021822,4/5/2018,9,49500,10,60,6/5/2018,5/2/2018
717911405,302826763,2/23/2018,7,49500,10,60,4/25/2018,3/26/2018
200169952,302858911,3/1/2018,8,49500,10,60,4/30/2018,4/5/2018
686128144,303156871,5/2/2018,10,49500,10,60,7/1/2018,5/22/2018
686128144,302812940,2/21/2018,6,49500,10,60,4/23/2018,3/5/2018
769940937,302720234,2/1/2018,22,49500,10,60,4/3/2018,3/3/2018
491906090,302760645,2/10/2018,8,20500,10,60,4/12/2018,3/13/2018
418252732,302588129,1/4/2018,22,41000,10,60,3/5/2018,2/1/2018
987534954,3.02827E+11,11/26/2018,5,20500,20,60,1/26/2019,1/15/2019
27321344,3.02408E+11,9/16/2018,4,20500,20,60,11/17/2018,11/6/2018
739546510,3.02061E+11,7/17/2018,6,20500,20,60,9/16/2018,12/22/2018
51964302,3.02344E+11,9/6/2018,4,20500,20,60,11/6/2018,12/1/2018
581719506,3.02685E+11,11/1/2018,5,20500,20,60,1/2/2019,1/2/2019
494769212,3.02427E+11,9/20/2018,2,20500,20,60,11/20/2018,11/19/2018
827139420,3.02079E+11,7/20/2018,1,20500,20,60,9/20/2018,8/20/2018
413662547,302842248,2/27/2018,22,120000,5,180,8/29/2018,6/26/2018
926915628,303105156,4/23/2018,11,120000,5,180,10/23/2018,9/25/2018
273615965,302851932,2/28/2018,3,120000,5,180,8/30/2018,8/19/2018
206067092,3.01753E+11,5/16/2018,4,120000,10,90,8/15/2018,8/15/2018
962880828,302803825,2/19/2018,1,7500,30,30,3/21/2018,2/23/2018
480083779,302626524,1/12/2018,3,7500,30,30,2/11/2018,2/13/2018
344155099,302793677,2/17/2018,2,7500,30,30,3/19/2018,3/14/2018
102141899,303114341,4/24/2018,1,7500,30,30,5/26/2018,5/26/2018
26133837,302623360,1/12/2018,2,7500,30,30,2/11/2018,3/24/2018
344195093,3.02052E+11,7/15/2018,1,7500,30,30,8/14/2018,8/14/2018
717368360,3.02213E+11,8/14/2018,2,7500,30,30,9/13/2018,8/17/2018
124189650,302607241,1/8/2018,1,7500,30,30,2/9/2018,3/30/2018
643450202,302696967,1/27/2018,1,7500,30,30,2/26/2018,3/1/2018
61452364,3.02529E+11,10/6/2018,2,7500,30,30,11/5/2018,11/14/2018
872284600,302732236,2/4/2018,1,7500,30,30,3/6/2018,3/6/2018
383789899,302833086,2/25/2018,1,7500,30,30,3/29/2018,4/12/2018
240588571,303056683,4/13/2018,2,7500,30,30,5/13/2018,5/11/2018
339095931,3.02379E+11,9/12/2018,2,7500,30,30,10/12/2018,10/31/2018
91351436,302832471,2/25/2018,1,7500,30,30,3/27/2018,4/24/2018
683225743,3.02072E+11,7/19/2018,5,7500,30,30,8/20/2018,9/25/2018
952956668,3.02182E+11,8/9/2018,2,7500,30,30,9/8/2018,9/4/2018
530961303,302716663,1/31/2018,2,7500,30,30,3/2/2018,3/7/2018
866631249,3.02505E+11,10/3/2018,1,7500,30,30,11/2/2018,10/30/2018
169241090,302773546,2/13/2018,1,7500,30,30,3/15/2018,2/27/2018
974013962,302583090,1/2/2018,1,7500,30,30,2/4/2018,3/6/2018
613853278,3.01904E+11,6/14/2018,2,7500,30,30,7/16/2018,7/11/2018
751741585,303138149,4/28/2018,1,7500,30,30,5/28/2018,7/28/2018
75935783,302585615,1/3/2018,2,7500,30,30,2/2/2018,1/28/2018
821162983,303083401,4/18/2018,3,7500,30,30,5/18/2018,5/8/2018
795344804,302732573,2/4/2018,2,7500,30,30,3/6/2018,3/6/2018
305626699,3.02248E+11,8/21/2018,2,7500,30,30,9/20/2018,10/4/2018
795037780,3.01827E+11,5/31/2018,3,7500,30,30,7/2/2018,6/28/2018
92625651,302741091,2/6/2018,2,7500,30,30,3/8/2018,5/24/2018
811183742,302897677,3/9/2018,2,7500,30,30,4/8/2018,4/24/2018
608303980,302618640,1/10/2018,2,7500,30,30,2/9/2018,6/17/2018
458172778,302629934,1/13/2018,1,7500,30,30,2/12/2018,2/9/2018
446009623,303150836,5/1/2018,4,7500,30,30,5/31/2018,5/30/2018
834372040,302594326,1/5/2018,2,7500,30,30,2/4/2018,2/4/2018
165829910,302694826,1/26/2018,1,7500,30,30,2/25/2018,2/25/2018
597913688,3.02056E+11,7/16/2018,7,7500,30,30,8/15/2018,8/14/2018
897300565,302745081,2/7/2018,3,7500,30,30,3/9/2018,3/7/2018
985959069,302900060,3/9/2018,2,7500,30,30,4/8/2018,4/9/2018
246609350,3.02276E+11,8/26/2018,9,7500,30,30,9/25/2018,8/26/2018
246004336,302930703,3/16/2018,3,7500,30,30,4/15/2018,4/1/2018
576985830,302893272,3/8/2018,2,7500,30,30,4/7/2018,3/28/2018
948299347,302846138,2/27/2018,1,7500,30,30,3/29/2018,2/28/2018
14785142,302827843,2/23/2018,1,7500,30,30,3/26/2018,4/5/2018
182431068,302625317,1/12/2018,1,7500,30,30,2/11/2018,2/9/2018
465143167,3.01964E+11,6/27/2018,3,7500,30,30,7/27/2018,7/27/2018
581512555,302632163,1/14/2018,1,7500,30,30,2/13/2018,2/12/2018
56957893,303009442,4/3/2018,6,7500,30,30,5/3/2018,5/3/2018
316591772,3.02919E+11,12/12/2018,1,7500,30,30,1/11/2019,1/14/2019
449220170,302691867,1/26/2018,1,7500,30,30,2/25/2018,2/20/2018
507362138,302699508,1/27/2018,3,7500,30,30,2/26/2018,2/22/2018
397766949,302739730,2/6/2018,1,7500,30,30,3/8/2018,3/3/2018
597976785,302790728,2/16/2018,1,7500,30,30,3/19/2018,3/12/2018
153064200,302969551,3/25/2018,2,7500,30,30,4/24/2018,4/15/2018
638043477,302816182,2/21/2018,1,7500,30,30,3/23/2018,4/1/2018
811745458,302621288,1/11/2018,1,7500,30,30,2/11/2018,2/11/2018
996512882,302844250,2/27/2018,2,7500,30,30,3/29/2018,3/27/2018
397718724,3.02792E+11,11/20/2018,4,15000,15,60,1/20/2019,12/20/2018
343494445,303190746,5/8/2018,2,7500,30,30,6/7/2018,6/3/2018
489262950,302698247,1/27/2018,1,7500,30,30,2/27/2018,4/1/2018
610780825,302723768,2/2/2018,3,7500,30,30,3/4/2018,3/4/2018
271731449,303063868,4/14/2018,2,7500,30,30,5/14/2018,5/7/2018
556992460,302808044,2/20/2018,1,7500,30,30,3/22/2018,3/15/2018
837435735,302692424,1/26/2018,1,7500,30,30,2/25/2018,3/3/2018
52550940,302864554,3/2/2018,2,7500,30,30,4/1/2018,4/1/2018
96902186,302613991,1/9/2018,2,7500,30,30,2/8/2018,2/5/2018
943138001,302702257,1/28/2018,2,7500,30,30,2/27/2018,2/28/2018
931527895,3.01728E+11,5/11/2018,4,7500,30,30,6/11/2018,6/5/2018
220607228,302770541,2/12/2018,1,7500,30,30,3/16/2018,3/9/2018
445406861,3.01738E+11,5/14/2018,2,7500,30,30,6/13/2018,5/31/2018
180947579,3.02407E+11,9/16/2018,1,7500,30,30,10/16/2018,9/26/2018
516048010,302803737,2/19/2018,2,7500,30,30,3/21/2018,4/1/2018
201624810,303174940,5/5/2018,4,7500,30,30,6/4/2018,6/3/2018
658762253,302644824,1/17/2018,1,7500,30,30,2/16/2018,2/16/2018
8294069,3.02529E+11,10/7/2018,2,7500,30,30,11/6/2018,11/6/2018
812533952,302769939,2/12/2018,1,7500,30,30,3/14/2018,3/8/2018
243041257,302688619,1/25/2018,1,7500,30,30,2/26/2018,6/8/2018
363332293,303022963,4/5/2018,3,7500,30,30,5/5/2018,5/5/2018
925857436,302639299,1/16/2018,1,7500,30,30,2/15/2018,2/1/2018
860516524,3.02573E+11,10/14/2018,1,7500,30,30,11/13/2018,11/11/2018
743197176,302817798,2/22/2018,3,7500,30,30,3/24/2018,3/24/2018
818118272,303006969,4/2/2018,6,7500,30,30,5/2/2018,5/25/2018
142887567,302724839,2/2/2018,1,7500,30,30,3/4/2018,2/28/2018
679454569,3.0294E+11,12/18/2018,2,7500,30,30,1/17/2019,1/17/2019
201404479,3.02851E+11,11/30/2018,1,7500,30,30,12/30/2018,12/25/2018
273104703,3.02397E+11,9/14/2018,1,7500,30,30,10/14/2018,10/14/2018
630308039,302814053,2/21/2018,1,7500,30,30,3/24/2018,3/15/2018
533498921,3.02424E+11,9/19/2018,1,7500,30,30,10/19/2018,12/18/2018
321334320,3.01939E+11,6/21/2018,2,7500,30,30,7/23/2018,7/18/2018
409097950,302595626,1/5/2018,2,7500,30,30,2/4/2018,1/31/2018
977761236,303076705,4/17/2018,2,7500,30,30,5/17/2018,5/14/2018
95194701,303127515,4/27/2018,2,7500,30,30,5/27/2018,6/4/2018
969384370,302647264,1/17/2018,1,7500,30,30,2/17/2018,2/1/2018
376652492,302869222,3/3/2018,2,7500,30,30,4/2/2018,4/2/2018
203874550,302854721,3/1/2018,1,7500,30,30,3/31/2018,3/31/2018
154461223,3.02495E+11,10/1/2018,1,7500,30,30,10/31/2018,10/31/2018
487460260,302865925,3/2/2018,2,7500,30,30,4/1/2018,3/29/2018
383163813,3.02741E+11,11/11/2018,1,7500,30,30,12/11/2018,12/17/2018
700124626,3.02289E+11,8/28/2018,8,7500,30,30,9/27/2018,9/27/2018
267765126,3.02386E+11,9/13/2018,1,7500,30,30,10/13/2018,10/13/2018
356348843,302725162,2/2/2018,1,7500,30,30,3/4/2018,3/1/2018
628568744,302714113,1/31/2018,1,7500,30,30,3/2/2018,3/2/2018
944172894,3.0294E+11,12/18/2018,8,7500,30,30,1/17/2019,12/31/2018
521461298,302670513,1/22/2018,1,7500,30,30,2/21/2018,2/19/2018
168744117,3.02658E+11,10/28/2018,1,7500,30,30,11/27/2018,11/8/2018
692706844,302921272,3/14/2018,1,7500,30,30,4/13/2018,4/12/2018
174909757,302630719,1/13/2018,1,7500,30,30,2/12/2018,2/5/2018
683626820,302856063,3/1/2018,2,7500,30,30,3/31/2018,4/4/2018
435237355,302617947,1/10/2018,1,7500,30,30,2/9/2018,2/10/2018
473301330,3.0228E+11,8/27/2018,1,7500,30,30,9/26/2018,9/26/2018
398153860,302687341,1/25/2018,3,7500,30,30,2/24/2018,2/13/2018
836564384,302821309,2/22/2018,1,7500,30,30,3/24/2018,5/20/2018
524372504,302798812,2/18/2018,2,7500,30,30,3/20/2018,3/28/2018
329242992,302799044,2/18/2018,1,7500,30,30,3/20/2018,3/20/2018
513230372,3.02332E+11,9/4/2018,1,7500,30,30,10/4/2018,10/4/2018
621240534,303048960,4/11/2018,2,7500,30,30,5/11/2018,5/6/2018
63476520,302681572,1/24/2018,1,7500,30,30,2/23/2018,3/3/2018
385040066,302777897,2/14/2018,2,7500,30,30,3/16/2018,3/9/2018
93028153,302652133,1/18/2018,1,7500,30,30,2/17/2018,3/7/2018
428519370,302818201,2/22/2018,2,7500,30,30,3/24/2018,5/21/2018
503556475,3.01757E+11,5/17/2018,2,7500,30,30,6/18/2018,5/23/2018
131407320,302649177,1/17/2018,1,7500,30,30,2/16/2018,3/26/2018
946145307,302769039,2/12/2018,2,7500,30,30,3/14/2018,3/14/2018
864410140,302580724,1/1/2018,3,7500,30,30,1/31/2018,2/22/2018
373307468,302738118,2/5/2018,2,7500,30,30,3/7/2018,3/6/2018
933649085,302602968,1/7/2018,1,7500,30,30,2/6/2018,2/6/2018
740526591,302597695,1/6/2018,2,7500,30,30,2/5/2018,1/13/2018
52831997,302656142,1/19/2018,2,7500,30,30,2/18/2018,2/11/2018
466533579,302614199,1/10/2018,2,7500,30,30,2/9/2018,2/9/2018
538372166,3.02346E+11,9/6/2018,1,7500,30,30,10/6/2018,10/8/2018
235343023,302581861,1/2/2018,1,7500,30,30,2/2/2018,1/30/2018
444161217,302938444,3/18/2018,1,7500,30,30,4/17/2018,7/3/2018
125230857,3.02743E+11,11/11/2018,6,7500,30,30,12/11/2018,11/30/2018
135000586,302720195,2/1/2018,1,7500,30,30,3/3/2018,3/10/2018
8625355,3.02666E+11,10/29/2018,2,7500,30,30,11/28/2018,11/28/2018
640512689,3.0273E+11,11/9/2018,1,7500,30,30,12/9/2018,12/9/2018
929182302,302890974,3/8/2018,2,7500,30,30,4/7/2018,4/5/2018
648928832,302908089,3/11/2018,3,7500,30,30,4/10/2018,4/12/2018
324023767,302603341,1/7/2018,1,7500,30,30,2/6/2018,2/3/2018
922135068,302729549,2/3/2018,1,7500,30,30,3/5/2018,2/11/2018
118717828,302935109,3/17/2018,2,7500,30,30,4/16/2018,4/5/2018
45511403,3.02093E+11,7/23/2018,3,7500,30,30,8/22/2018,8/15/2018
305914500,3.02079E+11,7/20/2018,1,7500,30,30,8/20/2018,11/2/2018
434332650,302803252,2/19/2018,1,7500,30,30,3/21/2018,3/29/2018
82751900,3.02315E+11,9/1/2018,2,7500,30,30,10/2/2018,9/27/2018
253611707,302790823,2/16/2018,1,7500,30,30,3/19/2018,3/1/2018
654506127,302797003,2/17/2018,1,7500,30,30,3/19/2018,3/17/2018
300037755,302897336,3/9/2018,2,7500,30,30,4/8/2018,4/1/2018
696488420,302738992,2/5/2018,2,7500,30,30,3/7/2018,3/2/2018
803350989,3.01919E+11,6/17/2018,1,7500,30,30,7/17/2018,8/6/2018
311159398,3.02686E+11,11/1/2018,1,7500,30,30,12/1/2018,12/11/2018
336062518,3.01814E+11,5/28/2018,2,7500,30,30,6/27/2018,6/22/2018
34794624,302919772,3/14/2018,1,7500,30,30,4/13/2018,3/28/2018
480774726,3.01866E+11,6/7/2018,2,7500,30,30,7/9/2018,7/20/2018
433276298,302601471,1/7/2018,1,7500,30,30,2/6/2018,5/15/2018
308232919,3.02116E+11,7/27/2018,2,7500,30,30,8/26/2018,12/24/2018
621297197,302606540,1/8/2018,1,7500,30,30,2/7/2018,2/5/2018
506186077,302674334,1/23/2018,1,7500,30,30,2/22/2018,2/9/2018
23612840,3.02057E+11,7/16/2018,1,7500,30,30,8/15/2018,8/15/2018
265827270,302628113,1/13/2018,4,7500,30,30,2/12/2018,1/29/2018
293938382,303002239,4/1/2018,2,7500,30,30,5/2/2018,4/29/2018
381992307,302595111,1/5/2018,2,7500,30,30,2/4/2018,2/3/2018
777956613,303042167,4/10/2018,3,7500,30,30,5/10/2018,5/8/2018
756869294,3.02574E+11,10/14/2018,1,7500,30,30,11/13/2018,11/1/2018
215754686,3.01931E+11,6/20/2018,2,7500,30,30,7/20/2018,7/18/2018
624903333,302660434,1/19/2018,3,7500,30,30,2/18/2018,2/14/2018
533179307,3.02043E+11,7/13/2018,1,7500,30,30,8/13/2018,8/3/2018
893024860,303057222,4/13/2018,2,7500,30,30,5/13/2018,5/20/2018
195825980,302876307,3/5/2018,3,7500,30,30,4/4/2018,3/28/2018
77210494,3.02281E+11,8/27/2018,1,7500,30,30,9/26/2018,9/25/2018
865601189,302679785,1/23/2018,1,7500,30,30,2/24/2018,3/10/2018
786997536,302874958,3/5/2018,2,7500,30,30,4/4/2018,4/3/2018
911943862,302644272,1/17/2018,1,7500,30,30,2/16/2018,3/14/2018
756963555,302581852,1/2/2018,2,7500,30,30,2/1/2018,1/26/2018
682856756,302788405,2/16/2018,2,7500,30,30,3/18/2018,3/19/2018
369121703,302830525,2/24/2018,1,7500,30,30,3/26/2018,4/3/2018
563994804,3.02919E+11,12/12/2018,2,7500,30,30,1/11/2019,1/11/2019
239340930,3.02177E+11,8/8/2018,5,7500,30,30,9/7/2018,9/18/2018
734637515,302592887,1/5/2018,1,7500,30,30,2/4/2018,4/11/2018
135010788,3.02351E+11,9/7/2018,2,7500,30,30,10/7/2018,10/6/2018
456094761,302700133,1/27/2018,2,7500,30,30,2/26/2018,2/26/2018
753278107,3.02509E+11,10/3/2018,12,7500,30,30,11/2/2018,11/2/2018
496584701,302682444,1/24/2018,1,7500,30,30,2/23/2018,3/26/2018
382370854,3.01943E+11,6/22/2018,2,7500,30,30,7/23/2018,7/2/2018
2464270,3.01871E+11,6/8/2018,1,7500,30,30,7/9/2018,7/1/2018
804581971,302797183,2/17/2018,1,7500,30,30,3/19/2018,3/21/2018
970983781,303020615,4/5/2018,2,7500,30,30,5/5/2018,4/28/2018
51954414,302919175,3/14/2018,1,7500,30,30,4/13/2018,3/22/2018
454903347,302799696,2/18/2018,1,7500,30,30,3/20/2018,3/12/2018
266639452,302766920,2/12/2018,2,7500,30,30,3/14/2018,4/19/2018
605295651,302702247,1/28/2018,1,7500,30,30,2/27/2018,3/2/2018
970875198,302924369,3/15/2018,2,7500,30,30,4/14/2018,4/13/2018
30211120,302601245,1/6/2018,1,7500,30,30,2/5/2018,1/30/2018
487629300,3.02123E+11,7/28/2018,1,7500,30,30,8/27/2018,10/18/2018
231404741,302727556,2/3/2018,1,7500,30,30,3/5/2018,3/20/2018
638063738,3.02742E+11,11/11/2018,1,7500,30,30,12/11/2018,12/11/2018
483870736,302737604,2/5/2018,1,7500,30,30,3/7/2018,3/9/2018
545571286,3.02024E+11,7/9/2018,1,7500,30,30,8/8/2018,8/7/2018
916499779,302771929,2/12/2018,1,7500,30,30,3/15/2018,3/19/2018
997891172,303201063,5/9/2018,5,7500,30,30,6/8/2018,5/20/2018
289594445,302634363,1/15/2018,1,7500,30,30,2/14/2018,2/7/2018
525836282,302867661,3/2/2018,2,7500,30,30,4/2/2018,4/10/2018
791167645,302630322,1/13/2018,1,7500,30,30,2/12/2018,2/12/2018
115570879,302856366,3/1/2018,1,7500,30,30,3/31/2018,5/4/2018
921757307,302858201,3/1/2018,1,7500,30,30,3/31/2018,3/20/2018
150116520,302595911,1/5/2018,6,7500,30,30,2/4/2018,1/30/2018
588894628,302769761,2/12/2018,1,7500,30,30,3/15/2018,3/4/2018
528080367,302683099,1/24/2018,1,7500,30,30,2/24/2018,2/27/2018
95928169,302736793,2/5/2018,1,7500,30,30,3/7/2018,3/7/2018
708616408,302779341,2/14/2018,1,7500,30,30,3/16/2018,3/15/2018
678871473,302627224,1/12/2018,1,7500,30,30,2/11/2018,2/27/2018
262822262,302719408,2/1/2018,1,7500,30,30,3/3/2018,6/8/2018
239835966,303173218,5/5/2018,3,7500,30,30,6/4/2018,6/4/2018
678096496,3.01733E+11,5/12/2018,1,7500,30,30,6/11/2018,9/5/2018
931865469,3.02878E+11,12/4/2018,2,7500,30,30,1/3/2019,12/9/2018
936896858,3.02487E+11,9/29/2018,3,7500,30,30,10/29/2018,11/3/2018
752369589,302733475,2/4/2018,1,7500,30,30,3/6/2018,2/26/2018
373313076,302882093,3/6/2018,2,7500,30,30,4/5/2018,5/31/2018
887749980,303068162,4/15/2018,2,7500,30,30,5/15/2018,5/15/2018
593898029,302717789,2/1/2018,1,7500,30,30,3/3/2018,3/4/2018
466228212,302866966,3/2/2018,2,7500,30,30,4/1/2018,4/4/2018
444900612,3.02374E+11,9/11/2018,1,7500,30,30,10/11/2018,10/23/2018
233208651,302719040,2/1/2018,4,7500,30,30,3/3/2018,2/28/2018
218831750,302601754,1/7/2018,1,7500,30,30,2/6/2018,9/20/2018
911483364,3.01849E+11,6/4/2018,2,7500,30,30,7/4/2018,7/4/2018
19473702,3.0272E+11,11/7/2018,1,7500,30,30,12/7/2018,12/13/2018
2203003,302861956,3/2/2018,5,7500,30,30,4/1/2018,4/4/2018
381384451,302607397,1/8/2018,4,7500,30,30,2/7/2018,2/3/2018
716287475,3.01769E+11,5/19/2018,1,7500,30,30,6/18/2018,7/6/2018
116001017,302749298,2/8/2018,2,7500,30,30,3/10/2018,4/11/2018
149464877,302827044,2/23/2018,1,7500,30,30,3/25/2018,3/23/2018
159270862,302670010,1/22/2018,1,7500,30,30,2/21/2018,2/20/2018
733899473,302693597,1/26/2018,2,7500,30,30,2/25/2018,2/25/2018
85698169,302825894,2/23/2018,1,7500,30,30,3/25/2018,4/4/2018
150105352,302703342,1/28/2018,2,7500,30,30,2/27/2018,3/3/2018
49670377,302808358,2/20/2018,2,7500,30,30,3/22/2018,3/19/2018
105532494,302601895,1/7/2018,1,7500,30,30,2/6/2018,1/26/2018
402604116,3.02817E+11,11/24/2018,3,7500,30,30,12/24/2018,12/25/2018
959804780,3.01957E+11,6/25/2018,2,7500,30,30,7/25/2018,8/3/2018
644794832,3.0196E+11,6/26/2018,1,7500,30,30,7/26/2018,8/28/2018
800080227,3.02627E+11,10/23/2018,23,7500,30,30,11/22/2018,11/22/2018
381402077,302790467,2/16/2018,6,7500,30,30,3/18/2018,3/18/2018
60681102,302607004,1/8/2018,1,7500,30,30,2/8/2018,2/17/2018
563994804,3.0274E+11,11/10/2018,1,7500,30,30,12/10/2018,12/12/2018
613888989,302843545,2/27/2018,1,7500,30,30,3/29/2018,5/9/2018
752427970,302681910,1/24/2018,1,7500,30,30,2/23/2018,3/15/2018
133530919,302951000,3/21/2018,3,7500,30,30,4/20/2018,5/17/2018
57109870,302584150,1/2/2018,1,7500,30,30,2/1/2018,2/1/2018
384037608,303004216,4/1/2018,5,7500,30,30,5/2/2018,6/5/2018
111663610,302711761,1/30/2018,1,7500,30,30,3/1/2018,2/26/2018
566333164,302827022,2/23/2018,1,7500,30,30,3/25/2018,4/30/2018
925690801,3.01762E+11,5/17/2018,1,7500,30,30,6/18/2018,7/26/2018
885864900,3.02147E+11,8/2/2018,3,7500,30,30,9/1/2018,12/18/2018
756188375,3.02407E+11,9/16/2018,3,7500,30,30,10/16/2018,9/20/2018
788683561,303008388,4/3/2018,3,7500,30,30,5/3/2018,4/4/2018
613011211,302638281,1/15/2018,1,7500,30,30,2/14/2018,2/13/2018
485094186,3.02567E+11,10/13/2018,1,7500,30,30,11/12/2018,11/12/2018
178769260,302769628,2/12/2018,1,7500,30,30,3/14/2018,3/6/2018
548830801,302580542,1/1/2018,1,7500,30,30,1/31/2018,1/31/2018
736684455,302940511,3/18/2018,2,7500,30,30,4/17/2018,4/16/2018
911694676,302713440,1/31/2018,1,7500,30,30,3/2/2018,3/2/2018
709401660,303160998,5/3/2018,2,7500,30,30,6/4/2018,6/4/2018
333723306,3.0288E+11,12/5/2018,4,7500,30,30,1/4/2019,1/3/2019
58921348,302906874,3/11/2018,2,7500,30,30,4/10/2018,4/13/2018
923659303,3.02858E+11,12/1/2018,1,7500,30,30,12/31/2018,12/5/2018
10585622,303182165,5/7/2018,3,7500,30,30,6/6/2018,6/4/2018
971803336,3.02332E+11,9/4/2018,2,7500,30,30,10/4/2018,12/25/2018
667797821,3.02701E+11,11/4/2018,1,7500,30,30,12/4/2018,12/12/2018
865136560,3.02144E+11,8/1/2018,1,7500,30,30,8/31/2018,8/18/2018
790352380,302629868,1/13/2018,1,7500,30,30,2/13/2018,2/4/2018
806778707,302772987,2/13/2018,1,7500,30,30,3/15/2018,3/20/2018
694548846,3.02116E+11,7/27/2018,3,7500,30,30,8/26/2018,9/18/2018
831586836,3.02695E+11,11/3/2018,2,7500,30,30,12/3/2018,11/27/2018
310392593,302920816,3/14/2018,1,7500,30,30,4/14/2018,4/4/2018
724637213,3.02423E+11,9/19/2018,1,7500,30,30,10/19/2018,10/15/2018
304570860,302610894,1/9/2018,1,7500,30,30,2/8/2018,1/29/2018
940148150,302944665,3/19/2018,3,7500,30,30,4/18/2018,4/13/2018
370421949,303019285,4/5/2018,3,7500,30,30,5/5/2018,4/28/2018
862678552,3.02275E+11,8/25/2018,1,7500,30,30,9/24/2018,9/9/2018
925833460,3.02022E+11,7/9/2018,1,7500,30,30,8/8/2018,8/8/2018
732974545,3.0172E+11,5/10/2018,4,7500,30,30,6/11/2018,6/11/2018
775029702,3.02495E+11,10/1/2018,2,7500,30,30,10/31/2018,10/31/2018
296935050,302615571,1/10/2018,1,7500,30,30,2/9/2018,2/6/2018
52142085,3.02711E+11,11/6/2018,1,7500,30,30,12/6/2018,12/3/2018
855736465,3.0191E+11,6/15/2018,1,7500,30,30,7/16/2018,7/16/2018
43896769,3.02527E+11,10/6/2018,2,7500,30,30,11/5/2018,10/23/2018
300885033,302754669,2/9/2018,1,7500,30,30,3/11/2018,3/11/2018
48709465,302597744,1/6/2018,4,7500,30,30,2/5/2018,2/3/2018
916844006,302944076,3/19/2018,1,7500,30,30,4/18/2018,4/30/2018
296666926,3.02139E+11,8/1/2018,1,7500,30,30,8/31/2018,8/27/2018
752913938,302644950,1/17/2018,1,7500,30,30,2/16/2018,2/8/2018
154789461,3.02512E+11,10/4/2018,1,7500,30,30,11/3/2018,10/5/2018
733225958,3.02493E+11,10/1/2018,1,7500,30,30,10/31/2018,11/1/2018
996427843,302635195,1/15/2018,2,7500,30,30,2/14/2018,2/14/2018
397692566,302847656,2/27/2018,2,7500,30,30,3/29/2018,3/29/2018
644365254,302779272,2/14/2018,1,7500,30,30,3/19/2018,7/15/2018
681856915,302794814,2/17/2018,2,7500,30,30,3/19/2018,3/15/2018
647746196,302892853,3/8/2018,2,7500,30,30,4/7/2018,4/7/2018
251882608,3.02347E+11,9/6/2018,1,7500,30,30,10/6/2018,10/6/2018
633866506,302930178,3/16/2018,2,7500,30,30,4/15/2018,6/20/2018
431417489,3.02767E+11,11/15/2018,1,7500,30,30,12/15/2018,12/15/2018
235238750,303001006,3/31/2018,3,7500,30,30,4/30/2018,4/27/2018
643459349,302920282,3/14/2018,4,7500,30,30,4/13/2018,3/28/2018
671400534,302762346,2/10/2018,3,7500,30,30,3/12/2018,3/2/2018
216431638,302638767,1/15/2018,2,7500,30,30,2/15/2018,2/26/2018
335476158,302580485,1/1/2018,1,7500,30,30,2/1/2018,1/29/2018
706319430,302924051,3/15/2018,2,7500,30,30,4/14/2018,4/4/2018
993925098,302898900,3/9/2018,2,7500,30,30,4/8/2018,5/12/2018
639764118,302734314,2/4/2018,1,7500,30,30,3/6/2018,2/13/2018
866299704,302783772,2/15/2018,1,7500,30,30,3/17/2018,3/22/2018
300906418,302855254,3/1/2018,1,7500,30,30,3/31/2018,4/3/2018
181225443,3.02595E+11,10/17/2018,1,7500,30,30,11/16/2018,11/9/2018
25477324,302848736,2/28/2018,1,7500,30,30,3/31/2018,3/31/2018
892337050,302744706,2/7/2018,1,7500,30,30,3/9/2018,3/1/2018
410148533,302721797,2/1/2018,1,7500,30,30,3/3/2018,3/3/2018
152687572,302902930,3/10/2018,2,7500,30,30,4/9/2018,3/26/2018
581161620,302640439,1/16/2018,1,7500,30,30,2/15/2018,1/29/2018
77878173,3.02035E+11,7/12/2018,2,7500,30,30,8/13/2018,8/20/2018
295510220,3.01861E+11,6/6/2018,2,7500,30,30,7/6/2018,7/2/2018
977962940,3.02752E+11,11/13/2018,1,7500,30,30,12/13/2018,12/12/2018
774279040,3.02395E+11,9/14/2018,1,7500,30,30,10/14/2018,10/22/2018
928681165,302709408,1/30/2018,1,7500,30,30,3/1/2018,3/23/2018
774901377,302668894,1/22/2018,1,7500,30,30,2/21/2018,6/16/2018
816427534,3.02233E+11,8/18/2018,12,7500,30,30,9/17/2018,9/16/2018
285646329,302698941,1/27/2018,1,7500,30,30,2/26/2018,2/28/2018
38656199,3.02144E+11,8/1/2018,3,7500,30,30,8/31/2018,8/20/2018
352943986,3.02846E+11,11/29/2018,2,7500,30,30,12/29/2018,1/16/2019
523757445,302708092,1/29/2018,1,7500,30,30,3/2/2018,3/2/2018
387380876,3.02133E+11,7/31/2018,3,7500,30,30,8/30/2018,8/3/2018
390794866,302929329,3/16/2018,2,7500,30,30,4/15/2018,3/21/2018
497107832,3.02721E+11,11/7/2018,1,7500,30,30,12/7/2018,12/5/2018
659689787,302638290,1/15/2018,1,7500,30,30,2/15/2018,2/10/2018
106105286,302705591,1/29/2018,1,7500,30,30,3/1/2018,3/5/2018
386250820,303095149,4/20/2018,4,7500,30,30,5/20/2018,5/19/2018
167464914,302586161,1/3/2018,1,7500,30,30,2/2/2018,3/26/2018
2907613,3.02172E+11,8/7/2018,1,7500,30,30,9/6/2018,9/3/2018
295620961,302709684,1/30/2018,1,7500,30,30,3/1/2018,2/28/2018
720363977,3.0253E+11,10/7/2018,7,7500,30,30,11/6/2018,10/29/2018
73401142,3.01847E+11,6/4/2018,2,7500,30,30,7/4/2018,7/3/2018
863794966,302814392,2/21/2018,1,7500,30,30,3/23/2018,5/9/2018
341471194,3.01725E+11,5/11/2018,6,7500,30,30,6/11/2018,5/31/2018
251418885,3.02808E+11,11/22/2018,2,15000,15,60,1/22/2019,12/22/2018
105426650,302807066,2/20/2018,2,7500,30,30,3/22/2018,4/22/2018
159731561,302926087,3/15/2018,2,7500,30,30,4/14/2018,4/14/2018
837402524,3.02896E+11,12/8/2018,2,7500,30,30,1/7/2019,12/11/2018
36979144,302634044,1/15/2018,1,7500,30,30,2/14/2018,2/16/2018
658048579,302745134,2/7/2018,1,7500,30,30,3/9/2018,3/8/2018
375003450,3.02064E+11,7/17/2018,1,7500,30,30,8/16/2018,8/15/2018
787205753,302879062,3/5/2018,4,7500,30,30,4/4/2018,3/30/2018
662168557,302650272,1/18/2018,1,7500,30,30,2/17/2018,2/17/2018
804330064,3.02175E+11,8/7/2018,2,7500,30,30,9/6/2018,9/6/2018
159945550,3.0259E+11,10/17/2018,1,7500,30,30,11/16/2018,12/6/2018
32311940,3.01994E+11,7/3/2018,2,7500,30,30,8/2/2018,8/6/2018
26980910,302589144,1/4/2018,5,7500,30,30,2/5/2018,2/1/2018
65950448,302852864,2/28/2018,1,7500,30,30,3/30/2018,3/30/2018
746272578,3.02634E+11,10/24/2018,2,7500,30,30,11/23/2018,11/23/2018
966837117,3.01906E+11,6/14/2018,1,7500,30,30,7/16/2018,7/13/2018
466262330,302846873,2/27/2018,2,7500,30,30,3/29/2018,4/9/2018
559474076,302678099,1/23/2018,1,7500,30,30,2/22/2018,2/22/2018
89474693,302703948,1/29/2018,5,7500,30,30,2/28/2018,2/28/2018
559408231,3.02678E+11,10/31/2018,1,7500,30,30,11/30/2018,11/29/2018
532921491,302782101,2/14/2018,1,7500,30,30,3/16/2018,3/15/2018
467371646,302739689,2/6/2018,2,7500,30,30,3/8/2018,3/8/2018
999072271,3.02702E+11,11/4/2018,1,7500,30,30,12/4/2018,12/3/2018
155329831,3.0176E+11,5/17/2018,2,7500,30,30,6/18/2018,6/15/2018
523018039,302645433,1/17/2018,1,7500,30,30,2/16/2018,1/20/2018
675972114,302748398,2/7/2018,1,7500,30,30,3/9/2018,3/7/2018
638130575,3.0228E+11,8/27/2018,1,7500,30,30,9/26/2018,9/26/2018
686558059,3.01983E+11,6/30/2018,2,7500,30,30,7/30/2018,9/8/2018
912290005,302744019,2/6/2018,1,7500,30,30,3/8/2018,5/23/2018
519674353,302587355,1/3/2018,3,7500,30,30,2/2/2018,2/2/2018
550197302,3.02268E+11,8/24/2018,1,7500,30,30,9/23/2018,9/23/2018
892277770,3.02866E+11,12/3/2018,3,7500,30,30,1/2/2019,12/22/2018
657637051,302590779,1/4/2018,1,7500,30,30,2/3/2018,3/13/2018
95603742,302591978,1/4/2018,1,7500,30,30,2/4/2018,1/31/2018
191115740,302657503,1/19/2018,2,7500,30,30,2/18/2018,2/22/2018
490283509,303032116,4/7/2018,2,7500,30,30,5/7/2018,5/7/2018
758179354,302596557,1/5/2018,1,7500,30,30,2/4/2018,1/30/2018
151876969,302786072,2/15/2018,1,7500,30,30,3/17/2018,3/21/2018
37218883,3.02161E+11,8/5/2018,1,7500,30,30,9/4/2018,8/30/2018
251839715,3.02369E+11,9/10/2018,1,7500,30,30,10/10/2018,10/24/2018
844913508,302849384,2/28/2018,1,7500,30,30,3/30/2018,3/31/2018
29861970,3.02102E+11,7/24/2018,1,7500,30,30,8/23/2018,8/22/2018
542575659,302578596,1/1/2018,1,7500,30,30,1/31/2018,1/3/2018
983019636,303000463,3/31/2018,2,7500,30,30,4/30/2018,4/4/2018
736502825,3.02257E+11,8/23/2018,2,7500,30,30,9/22/2018,9/22/2018
705587230,3.02712E+11,11/6/2018,2,7500,30,30,12/6/2018,12/3/2018
68296451,303008698,4/3/2018,2,7500,30,30,5/3/2018,5/8/2018
139420975,302863390,3/2/2018,1,7500,30,30,4/1/2018,10/8/2018
359317700,302729561,2/3/2018,1,7500,30,30,3/5/2018,3/5/2018
31947410,3.01823E+11,5/30/2018,2,7500,30,30,6/29/2018,9/25/2018
413179947,302633278,1/14/2018,1,7500,30,30,2/13/2018,1/31/2018
579986988,302879620,3/5/2018,2,7500,30,30,4/4/2018,3/30/2018
749085876,3.01885E+11,6/11/2018,4,7500,30,30,7/11/2018,9/1/2018
864423882,302708255,1/29/2018,1,7500,30,30,3/1/2018,2/27/2018
49163426,302779934,2/14/2018,1,7500,30,30,3/16/2018,5/9/2018
795005129,302613696,1/9/2018,1,7500,30,30,2/8/2018,1/15/2018
78021788,302916911,3/13/2018,2,7500,30,30,4/12/2018,4/14/2018
499316650,303170697,5/4/2018,2,7500,30,30,6/4/2018,6/4/2018
708286575,3.01913E+11,6/15/2018,1,7500,30,30,7/16/2018,7/14/2018
390134460,302765580,2/11/2018,5,7500,30,30,3/13/2018,3/10/2018
767579830,302671489,1/22/2018,4,7500,30,30,2/21/2018,2/21/2018
166319502,3.02303E+11,8/30/2018,3,7500,30,30,9/29/2018,10/3/2018
995480572,302904418,3/10/2018,4,7500,30,30,4/9/2018,4/3/2018
587493671,3.02526E+11,10/6/2018,1,7500,30,30,11/5/2018,11/8/2018
242797344,302804344,2/19/2018,1,7500,30,30,3/21/2018,3/22/2018
804155857,3.01781E+11,5/21/2018,2,7500,30,30,6/20/2018,6/16/2018
122661501,302817413,2/22/2018,1,7500,30,30,3/24/2018,3/24/2018
826407015,3.02353E+11,9/7/2018,12,7500,30,30,10/7/2018,10/18/2018
178677453,302791534,2/16/2018,3,7500,30,30,3/18/2018,3/8/2018
442398400,302715098,1/31/2018,1,7500,30,30,3/2/2018,3/2/2018
164293607,3.02556E+11,10/11/2018,1,7500,30,30,11/10/2018,10/18/2018
920806253,3.02472E+11,9/27/2018,1,7500,30,30,10/27/2018,11/9/2018
729934026,3.01795E+11,5/24/2018,1,7500,30,30,6/25/2018,7/5/2018
848049110,3.01962E+11,6/26/2018,1,7500,30,30,7/26/2018,7/27/2018
891738385,3.02372E+11,9/11/2018,1,7500,30,30,10/11/2018,10/11/2018
413065560,302922270,3/14/2018,1,7500,30,30,4/13/2018,4/9/2018
121586610,3.02179E+11,8/8/2018,3,7500,30,30,9/7/2018,9/27/2018
368603964,302738935,2/5/2018,5,7500,30,30,3/7/2018,3/2/2018
772703709,302607889,1/8/2018,2,7500,30,30,2/7/2018,2/6/2018
737919983,3.02714E+11,11/6/2018,4,7500,30,30,12/6/2018,11/16/2018
482610334,3.02371E+11,9/10/2018,1,7500,30,30,10/10/2018,11/12/2018
879430322,302643631,1/16/2018,1,7500,30,30,2/15/2018,2/9/2018
492954954,303201761,5/9/2018,1,7500,30,30,6/8/2018,7/25/2018
859200358,302701019,1/28/2018,3,7500,30,30,2/27/2018,3/7/2018
631264575,302600338,1/6/2018,1,7500,30,30,2/5/2018,4/29/2018
738664536,303004277,4/1/2018,1,7500,30,30,5/3/2018,6/6/2018
714415706,3.02896E+11,12/7/2018,4,15000,15,60,2/6/2019,1/9/2019
745141607,3.02228E+11,8/17/2018,1,7500,30,30,9/16/2018,10/16/2018
30829438,302649032,1/17/2018,3,7500,30,30,2/16/2018,2/16/2018
747739008,302752103,2/8/2018,1,7500,30,30,3/13/2018,3/13/2018
12739639,3.01845E+11,6/3/2018,5,7500,30,30,7/3/2018,7/2/2018
112612912,302707674,1/29/2018,3,7500,30,30,2/28/2018,2/10/2018
570857620,302918637,3/14/2018,2,7500,30,30,4/13/2018,4/13/2018
237077059,3.02448E+11,9/23/2018,2,7500,30,30,10/23/2018,10/23/2018
981768947,3.01943E+11,6/22/2018,2,7500,30,30,7/23/2018,7/7/2018
950533500,302651153,1/18/2018,2,7500,30,30,2/17/2018,2/17/2018
391025217,302607817,1/8/2018,1,7500,30,30,2/8/2018,2/9/2018
712496621,3.02516E+11,10/4/2018,1,7500,30,30,11/3/2018,10/17/2018
189301655,3.02566E+11,10/13/2018,2,7500,30,30,11/12/2018,11/20/2018
774788130,303200438,5/9/2018,6,7500,30,30,6/8/2018,5/30/2018
874756930,302885631,3/7/2018,2,7500,30,30,4/6/2018,4/17/2018
706415844,3.02867E+11,12/3/2018,7,7500,30,30,1/2/2019,12/30/2018
620183677,302591220,1/4/2018,2,7500,30,30,2/3/2018,2/3/2018
351491824,302607848,1/8/2018,1,7500,30,30,2/9/2018,5/9/2018
913548727,302710986,1/30/2018,1,7500,30,30,3/1/2018,2/19/2018
238919660,302923409,3/14/2018,3,7500,30,30,4/14/2018,4/13/2018
671136860,3.02827E+11,11/26/2018,2,7500,30,30,12/27/2018,12/19/2018
576830620,302856088,3/1/2018,3,7500,30,30,3/31/2018,7/12/2018
764722086,302931308,3/16/2018,2,7500,30,30,4/15/2018,4/10/2018
586613101,302585527,1/3/2018,3,7500,30,30,2/2/2018,2/4/2018
242227643,3.0188E+11,6/10/2018,2,7500,30,30,7/10/2018,7/12/2018
78093608,3.02729E+11,11/9/2018,2,7500,30,30,12/9/2018,11/30/2018
63243799,302605265,1/8/2018,2,7500,30,30,2/7/2018,2/6/2018
704294322,302631540,1/14/2018,1,7500,30,30,2/13/2018,2/5/2018
144227648,302582780,1/2/2018,2,7500,30,30,2/1/2018,2/2/2018
964510149,302636726,1/15/2018,2,7500,30,30,2/14/2018,1/20/2018
251997198,302772445,2/13/2018,1,7500,30,30,3/15/2018,3/14/2018
899011279,302585439,1/3/2018,3,7500,30,30,2/2/2018,10/12/2018
648637210,3.02788E+11,11/19/2018,1,7500,30,30,12/19/2018,12/17/2018
464788691,302683579,1/24/2018,1,7500,30,30,2/24/2018,2/11/2018
